Category,Trial,Target Direction,Response,Correct,Reaction Time
B,0,L,L,True,3.8538189977407455
B,1,R,R,True,1.979219201952219
B,2,L,L,True,1.6492429003119469
A,3,L,R,False,2.1405187025666237
B,4,L,L,True,2.337723597884178
